reason-rebase, Not
readline-reverse, Not
angular-famous, Not
payu-pl, Not
cloneengine, Not
@clayui/link, Not
@nodert-win10-au/windows.phone.personalinformation, Not
grunt-tpl, Not
inlining-node-require, Not
@jb.tellez/super-goose, Micropackage
v-toaster-evolution, Not
@msfeldstein/full-screen-canvas, Micropackage
regex-utc-date, Micropackage
deviance, Not
bootstrap-quicksearch, Not
docker-manifest, Not
babel-plugin-react-native-css-shorthand, Micropackage
chart.piecelabel.js, Not
@tailify/prettier-config, Micropackage
linc-profile-nextjs, Not
esrol, Not
address-extractor, Not
@binarycapsule/test-package, Micropackage
define-lazy-prop, Micropackage
abacus-cluster, Not
brq, Not
angular-2-dropdown, Not
img-bfs, Not
peerpad, Not
ng2-rating, Micropackage
node-red-contrib-tcp-client, Not
